Car Name,Price,Dealer Name,Transmission Type,Drivetrain,Fuel Type,Rating,Reviews,Location,Mileage
2024 Subaru Solterra Touring,"$36,000",Koons Ford of Baltimore,Automatic,All-Wheel Drive,Electric,4.2,"1,795 reviews","Windsor Mill, MD (7 mi.)",750 mi.
2023 Volvo C40 Recharge Pure Electric Twin Ultimate,"$26,382",Hertz Car Sales Baltimore,Automatic,All-Wheel Drive,Electric,1.9,24 reviews,"Nottingham, MD (14 mi.)","23,248 mi."
2023 Volvo C40 Recharge Pure Electric Twin Ultimate,"$26,764",Hertz Car Sales Baltimore,Automatic,All-Wheel Drive,Electric,1.9,24 reviews,"Nottingham, MD (14 mi.)","21,293 mi."
2023 Volvo C40 Recharge Pure Electric Twin Ultimate,"$27,280",Hertz Car Sales Baltimore,Automatic,All-Wheel Drive,Electric,1.9,24 reviews,"Nottingham, MD (14 mi.)","18,722 mi."
2023 Volvo C40 Recharge Pure Electric Twin Ultimate,"$27,309",Hertz Car Sales Baltimore,Automatic,All-Wheel Drive,Electric,1.9,24 reviews,"Nottingham, MD (14 mi.)","18,577 mi."
2023 Volvo C40 Recharge Pure Electric Twin Ultimate,"$27,168",Hertz Car Sales Baltimore,Automatic,All-Wheel Drive,Electric,1.9,24 reviews,"Nottingham, MD (14 mi.)","19,262 mi."
2023 Volvo C40 Recharge Pure Electric Twin Ultimate,"$27,643",Hertz Car Sales Baltimore,Automatic,All-Wheel Drive,Electric,1.9,24 reviews,"Nottingham, MD (14 mi.)","16,975 mi."
2023 Volvo C40 Recharge Pure Electric Twin Ultimate,"$28,269",Hertz Car Sales Baltimore,Automatic,All-Wheel Drive,Electric,1.9,24 reviews,"Nottingham, MD (14 mi.)","13,925 mi."
2023 Volvo C40 Recharge Pure Electric Twin Ultimate,"$31,000",Koons Volvo Cars White Marsh,Automatic,All-Wheel Drive,Electric,4.2,410 reviews,"White Marsh, MD (16 mi.)","13,110 mi."
2023 Volvo C40 Recharge Pure Electric Twin Ultimate,"$32,500",Koons Volvo Cars White Marsh,Automatic,All-Wheel Drive,Electric,4.2,410 reviews,"White Marsh, MD (16 mi.)","10,270 mi."
2023 Volvo C40 Recharge Pure Electric Twin Ultimate,"$31,000",Koons Volvo Cars White Marsh,Automatic,All-Wheel Drive,Electric,4.2,410 reviews,"White Marsh, MD (16 mi.)","12,875 mi."
2024 Porsche Taycan Cross Turismo 4,"$99,448",Porsche Annapolis,Automatic,All-Wheel Drive,Electric,4.8,498 reviews,"Annapolis, MD (20 mi.)",765 mi.
2023 Volvo C40 Recharge Pure Electric Twin Ultimate,"$34,296",Volvo Cars Annapolis,Automatic,All-Wheel Drive,Electric,4.7,"2,564 reviews","Annapolis, MD (20 mi.)","12,407 mi."
2022 Audi e-tron Premium Plus,"$35,950",Passport INFINITI of Alexandria,Automatic,All-Wheel Drive,Electric,4.1,425 reviews,"Alexandria, VA (39 mi.)","20,418 mi."
2023 Rivian R1S Adventure,"$74,999",Select Auto Imports,Automatic,All-Wheel Drive,Electric,5,"1,277 reviews","Alexandria, VA (40 mi.)","10,773 mi."
2023 Rivian R1S Adventure,"$72,990",Ourisman Honda of Frederick,Automatic,All-Wheel Drive,Electric,4.5,"1,065 reviews","Frederick, MD (41 mi.)","7,103 mi."
2023 Toyota bZ4X Limited,"$28,000",DARCARS Used Car Center,Automatic,All-Wheel Drive,Electric,0,98 reviews,"Frederick, MD (43 mi.)","13,009 mi."
2022 Polestar 2 Long Range Dual Motor,"$28,999",Manheim Imports,Automatic,All-Wheel Drive,Electric,4.8,298 reviews,"Manheim, PA (65 mi.)","12,604 mi."
2022 Polestar 2 Long Range Dual Motor,"$28,899",Manheim Imports,Automatic,All-Wheel Drive,Electric,4.8,298 reviews,"Manheim, PA (65 mi.)","31,499 mi."
2024 Porsche Taycan Cross Turismo GTS,"$119,939",Manheim Imports,Automatic,All-Wheel Drive,Electric,4.8,298 reviews,"Manheim, PA (65 mi.)","1,060 mi."
2023 Audi e-tron Premium quattro,"$36,990",Auto Leader,Automatic,All-Wheel Drive,Electric,3.9,150 reviews,"Baltimore, MD (8 mi.)","29,125 mi."
2021 Audi e-tron Premium,"$29,998","Criswell in Annapolis, MD",Automatic,All-Wheel Drive,Electric,0,284 reviews,"Annapolis, MD (20 mi.)","21,062 mi."
2020 Porsche Taycan 4S,"$67,835",Universal Auto Group,Automatic,All-Wheel Drive,Electric,5,92 reviews,"Silver Spring, MD (26 mi.)","24,374 mi."
2019 Audi e-tron Premium Plus,"$32,417",Universal Auto Group,Automatic,All-Wheel Drive,Electric,5,92 reviews,"Silver Spring, MD (26 mi.)","16,081 mi."
2023 Audi e-tron Premium Plus quattro,"$43,500",Elite Auto Brokers,Automatic,All-Wheel Drive,Electric,4.9,765 reviews,"Gaithersburg, MD (27 mi.)","6,931 mi."
2023 Audi e-tron Premium Plus quattro,"$39,975",Ourisman Volkswagen of Bethesda,Automatic,All-Wheel Drive,Electric,3.2,78 reviews,"Bethesda, MD (29 mi.)","5,080 mi."
2021 Audi e-tron Premium Plus,"$31,495",Audi Bethesda,Automatic,All-Wheel Drive,Electric,4.7,487 reviews,"Bethesda, MD (29 mi.)","33,064 mi."
2020 Porsche Taycan 4S,"$62,500",Jim Coleman Cadillac,Automatic,All-Wheel Drive,Electric,0,230 reviews,"Bethesda, MD (30 mi.)","28,129 mi."
2019 Audi e-tron Premium Plus,"$19,587",Jim Coleman Nissan,Automatic,All-Wheel Drive,Electric,3.7,38 reviews,"Bethesda, MD (30 mi.)","101,197 mi."
2019 Audi e-tron Premium Plus,"$24,995",Jim Coleman Cadillac,Automatic,All-Wheel Drive,Electric,0,230 reviews,"Bethesda, MD (30 mi.)","51,439 mi."
2021 Porsche Taycan Turbo S,"$115,995",Porsche Arlington,Automatic,All-Wheel Drive,Electric,4.6,"1,090 reviews","Arlington, VA (35 mi.)","8,561 mi."
2020 Porsche Taycan 4S,"$57,875",Passport INFINITI of Alexandria,Automatic,All-Wheel Drive,Electric,4.1,425 reviews,"Alexandria, VA (39 mi.)","33,683 mi."
2021 Audi e-tron Premium Plus,"$27,807",Sheehy Volkswagen of Springfield,Automatic,All-Wheel Drive,Electric,4.8,"1,144 reviews","Springfield, VA (42 mi.)","55,289 mi."
2020 Porsche Taycan Turbo S,"$105,890",Dealer Network Trade,Automatic,All-Wheel Drive,Electric,4.4,10 reviews,"Springfield, VA (45 mi.)","18,096 mi."
2020 Porsche Taycan 4S,"$64,790",Auto By Design,Automatic,All-Wheel Drive,Electric,4.5,336 reviews,"Chantilly, VA (48 mi.)","26,550 mi."
2022 Porsche Taycan 4S,"$74,980",VINS DC,Automatic,All-Wheel Drive,Electric,4.5,139 reviews,"Manassas Park, VA (53 mi.)","8,566 mi."
2023 Rivian R1S Adventure,"$69,580",Sheehy Nissan of Manassas,Automatic,All-Wheel Drive,Electric,4.1,"1,073 reviews","Manassas, VA (54 mi.)","12,367 mi."
2024 Tesla Cybertruck All-Wheel Drive,"$106,977",Manheim Imports,Automatic,All-Wheel Drive,Electric,4.8,298 reviews,"Manheim, PA (65 mi.)","1,064 mi."
2023 Tesla Model S Plaid,"$71,988",Manheim Imports,Automatic,All-Wheel Drive,Electric,4.8,298 reviews,"Manheim, PA (65 mi.)","28,088 mi."
2022 Rivian R1T Adventure,"$61,998",Manheim Imports,Automatic,All-Wheel Drive,Electric,4.8,298 reviews,"Manheim, PA (65 mi.)","18,776 mi."
2023 Mercedes-Benz EQE 500 4MATIC,"$62,000",Mercedes-Benz of Catonsville,Automatic,All-Wheel Drive,Electric,4.4,579 reviews,"Baltimore, MD (6 mi.)","4,771 mi."
2022 Volkswagen ID.4 AWD Pro S,"$27,990",Fitzgerald Cadillac of Annapolis,Automatic,All-Wheel Drive,Electric,5,60 reviews,"Annapolis, MD (20 mi.)","21,124 mi."
2023 Volvo C40 Recharge Pure Electric Twin Ultimate,"$34,229",Volvo Cars Annapolis,Automatic,All-Wheel Drive,Electric,4.7,"2,564 reviews","Annapolis, MD (20 mi.)","11,913 mi."
2023 Fisker Ocean Ultra,"$25,995",Universal Auto Group,Automatic,All-Wheel Drive,Electric,5,92 reviews,"Silver Spring, MD (26 mi.)","4,653 mi."
2020 Jaguar I-PACE S EV400 AWD Automatic,"$28,385",Universal Auto Group,Automatic,All-Wheel Drive,Electric,5,92 reviews,"Silver Spring, MD (26 mi.)","37,769 mi."
2019 Audi e-tron Premium Plus,"$23,995",Mercedes-Benz of Arlington,Automatic,All-Wheel Drive,Electric,4.9,"2,532 reviews","Arlington, VA (35 mi.)","78,781 mi."
2022 Jaguar I-PACE HSE,"$39,755",Jaguar Land Rover Tysons Corner,Automatic,All-Wheel Drive,Electric,4.6,"1,091 reviews","Vienna, VA (38 mi.)","21,370 mi."
2022 Audi e-tron Premium,"$37,999",Select Auto Imports,Automatic,All-Wheel Drive,Electric,5,"1,277 reviews","Alexandria, VA (40 mi.)","5,291 mi."
2024 Rolls-Royce Spectre Coupe,"$529,225",Washington Exotics,Automatic,All-Wheel Drive,Electric,0,5 reviews,"Sterling, VA (44 mi.)",234 mi.
2024 Rolls-Royce Spectre Base,"$469,888",Washington Exotics,Automatic,All-Wheel Drive,Electric,0,5 reviews,"Sterling, VA (44 mi.)","2,567 mi."
2024 Porsche Taycan Cross Turismo GTS,"$128,575",Porsche Delaware,Automatic,All-Wheel Drive,Electric,4.3,249 reviews,"Newark, DE (60 mi.)","3,924 mi."
2024 Porsche Taycan Cross Turismo 4S,"$115,975",Porsche Delaware,Automatic,All-Wheel Drive,Electric,4.3,249 reviews,"Newark, DE (60 mi.)","3,214 mi."
2022 Porsche Taycan Cross Turismo 4,"$79,975",Porsche Delaware,Automatic,All-Wheel Drive,Electric,4.3,249 reviews,"Newark, DE (60 mi.)","33,309 mi."
2024 BMW i5 M60,"$72,995",BMW of Lancaster,Automatic,All-Wheel Drive,Electric,4.8,212 reviews,"Lancaster, PA (61 mi.)","1,989 mi."
2024 BMW i5 M60,"$73,555",BMW of Lancaster,Automatic,All-Wheel Drive,Electric,4.8,212 reviews,"Lancaster, PA (61 mi.)","3,990 mi."
2023 Nissan ARIYA ENGAGE,"$28,500",Z Motor Company Inc.,Automatic,All-Wheel Drive,Electric,5,124 reviews,"East Petersburg, PA (62 mi.)","4,262 mi."
2021 Audi e-tron Premium Plus,"$27,999",Manheim Imports,Automatic,All-Wheel Drive,Electric,4.8,298 reviews,"Manheim, PA (65 mi.)","53,439 mi."
2023 Porsche Taycan Cross Turismo 4,"$79,999",Manheim Imports,Automatic,All-Wheel Drive,Electric,4.8,298 reviews,"Manheim, PA (65 mi.)","4,403 mi."
2022 BMW i4 Gran Coupe M50,"$42,990",Freysinger Hyundai,Automatic,All-Wheel Drive,Electric,0,902 reviews,"Mechanicsburg, PA (72 mi.)","47,097 mi."
2023 Subaru Solterra Touring,"$28,400",Twin Pine Ford,Automatic,All-Wheel Drive,Electric,4.7,"1,007 reviews","Ephrata, PA (73 mi.)","13,223 mi."
2023 Mercedes-Benz EQE 500 4MATIC+,"$62,000",Mercedes-Benz of Catonsville,Automatic,All-Wheel Drive,Electric,4.4,579 reviews,"Baltimore, MD (6 mi.)","9,092 mi."
2023 Tesla Model 3 Long Range,"$32,000",Koons Ford of Baltimore,Automatic,All-Wheel Drive,Electric,4.2,"1,795 reviews","Windsor Mill, MD (7 mi.)","21,375 mi."
2020 Tesla Model 3 Performance,"$27,950",Easterns Automotive Group of Baltimore,Automatic,All-Wheel Drive,Electric,4.9,"5,866 reviews","Rosedale, MD (11 mi.)","56,097 mi."
2023 Toyota bZ4X Limited,"$29,490",Easterns Automotive Group of Baltimore,Automatic,All-Wheel Drive,Electric,4.9,"5,866 reviews","Rosedale, MD (11 mi.)","23,370 mi."
2024 Mercedes-Benz EQB 300 4MATIC,"$59,850",Mercedes-Benz of Owings Mills,Automatic,All-Wheel Drive,Electric,4.9,"2,413 reviews","Owings Mills, MD (13 mi.)",252 mi.
2024 Mercedes-Benz EQB 300 4MATIC,"$60,305",Mercedes-Benz of Owings Mills,Automatic,All-Wheel Drive,Electric,4.9,"2,413 reviews","Owings Mills, MD (13 mi.)",149 mi.
2024 BMW i4 Gran Coupe M50,"$73,995",BMW of Towson,Automatic,All-Wheel Drive,Electric,4.7,446 reviews,"Towson, MD (13 mi.)","1,946 mi."
2020 Tesla Model 3 Long Range,"$26,790",Easterns Automotive Group of Laurel,Automatic,All-Wheel Drive,Electric,4.9,"4,081 reviews","Laurel, MD (13 mi.)","41,702 mi."
2023 Volvo C40 Recharge Pure Electric Twin Ultimate,"$26,888",Hertz Car Sales Baltimore,Automatic,All-Wheel Drive,Electric,1.9,24 reviews,"Nottingham, MD (14 mi.)","20,658 mi."
2023 Genesis Electrified G80 Base,"$44,000",Ourisman Hyundai of Bowie,Automatic,All-Wheel Drive,Electric,3.4,835 reviews,"Bowie, MD (23 mi.)","9,715 mi."
2023 Mercedes-Benz EQS 450+ 4MATIC,"$73,999",Select Auto Imports,Automatic,All-Wheel Drive,Electric,5,"1,277 reviews","Alexandria, VA (40 mi.)","9,062 mi."
2023 Toyota bZ4X Limited,"$28,691",DARCARS Used Car Center,Automatic,All-Wheel Drive,Electric,0,98 reviews,"Frederick, MD (43 mi.)","7,592 mi."
2022 Volvo XC40 Recharge Pure Electric P8 Twin Ultimate,"$31,407",Beyer Volvo Cars Dulles,Automatic,All-Wheel Drive,Electric,0,471 reviews,"Sterling, VA (44 mi.)","27,990 mi."
2020 Tesla Model X Long Range Dual Motor All-Wheel Drive,"$45,888",Fred's Executive Auto,Automatic,All-Wheel Drive,Electric,4.3,471 reviews,"Woodbridge, VA (53 mi.)","33,000 mi."
2021 Tesla Model S Long Range,"$44,500",Fred's Executive Auto,Automatic,All-Wheel Drive,Electric,4.3,471 reviews,"Woodbridge, VA (53 mi.)","38,424 mi."
2022 Tesla Model 3 Performance,"$29,600",Alpha Motorsports Manassas,Automatic,All-Wheel Drive,Electric,4.6,265 reviews,"Manassas, VA (54 mi.)","32,804 mi."
2023 Porsche Taycan GTS,"$117,975",Porsche Delaware,Automatic,All-Wheel Drive,Electric,4.3,249 reviews,"Newark, DE (60 mi.)","2,953 mi."
2024 GMC HUMMER EV SUV 3X AWD 4dr SUV,"$98,999",Cars Trend LLC,Automatic,All-Wheel Drive,Electric,3.7,22 reviews,"Harrisburg, PA (71 mi.)","2,000 mi."
2023 Subaru Solterra Touring,"$35,000",Faulkner Subaru of Mechanicsburg,Automatic,All-Wheel Drive,Electric,4.5,380 reviews,"Mechanicsburg, PA (72 mi.)",533 mi.
2023 Subaru Solterra Limited,"$27,400",Twin Pine Ford,Automatic,All-Wheel Drive,Electric,4.7,"1,007 reviews","Ephrata, PA (73 mi.)","11,879 mi."
2022 Tesla Model Y Performance Dual Motor All-Wheel Drive,"$32,996",Sheehy Ford Lincoln of Gaithersburg,Automatic,All-Wheel Drive,Electric,4.9,"3,503 reviews","Gaithersburg, MD (30 mi.)","42,507 mi."
2023 Toyota bZ4X XLE,"$29,500",Jim Coleman Toyota,Automatic,All-Wheel Drive,Electric,4.6,"1,310 reviews","Bethesda, MD (30 mi.)","5,401 mi."
2018 Tesla Model S 75D,"$27,695",Porsche Arlington,Automatic,All-Wheel Drive,Electric,4.6,"1,090 reviews","Arlington, VA (35 mi.)","62,541 mi."
2016 Tesla Model X 75D,"$28,495",Scholz Motors,Automatic,All-Wheel Drive,Electric,0,11 reviews,"Falls Church, VA (37 mi.)","45,315 mi."
2018 Tesla Model 3 Long Range,"$25,500",Koons of Tysons Chevrolet Buick GMC,Automatic,All-Wheel Drive,Electric,4.5,"1,204 reviews","Vienna, VA (38 mi.)","35,755 mi."
2018 Tesla Model 3 Long Range,"$23,500",Koons of Tysons Chevrolet Buick GMC,Automatic,All-Wheel Drive,Electric,4.5,"1,204 reviews","Vienna, VA (38 mi.)","60,993 mi."
2023 Toyota bZ4X XLE,"$27,995",Passport Nissan of Alexandria,Automatic,All-Wheel Drive,Electric,4.4,430 reviews,"Alexandria, VA (39 mi.)",309 mi.
2020 Tesla Model S Long Range,"$42,995",Premier Auto Imports,Automatic,All-Wheel Drive,Electric,0,54 reviews,"Waldorf, MD (42 mi.)","40,862 mi."
2023 Tesla Model Y Long Range Dual Motor All-Wheel Drive,"$37,890",Sheehy INFINITI of Chantilly,Automatic,All-Wheel Drive,Electric,4.8,701 reviews,"Chantilly, VA (49 mi.)","17,809 mi."
2018 Tesla Model 3 Performance,"$23,163",CarGet Motors,Automatic,All-Wheel Drive,Electric,4.2,10 reviews,"Woodbridge, VA (53 mi.)","34,987 mi."
2022 Tesla Model S Base,"$53,980",VINS DC,Automatic,All-Wheel Drive,Electric,4.5,139 reviews,"Manassas Park, VA (53 mi.)","26,938 mi."
2021 Tesla Model 3 Performance,"$31,888",Perfect Auto,Automatic,All-Wheel Drive,Electric,0,227 reviews,"Manassas, VA (55 mi.)","18,133 mi."
2017 Tesla Model S 100D,"$27,995",Zoom Auto,Automatic,All-Wheel Drive,Electric,0,46 reviews,"Dumfries, VA (58 mi.)","74,725 mi."
2021 Tesla Model Y Long Range,"$29,995",Zoom Auto,Automatic,All-Wheel Drive,Electric,0,46 reviews,"Dumfries, VA (58 mi.)","23,152 mi."
2023 Ford F-150 Lightning LARIAT,"$53,900",Wissler Motors,Automatic,All-Wheel Drive,Electric,4.7,934 reviews,"Mount Joy, PA (62 mi.)","12,478 mi."
2022 Tesla Model X Dual Motor All-Wheel Drive,"$59,000",Kent County Motors,Automatic,All-Wheel Drive,Electric,4.5,723 reviews,"Dover, DE (62 mi.)","41,710 mi."
2021 Tesla Model 3 Long Range,"$27,995",Rocky Ridge Auto Sales,Automatic,All-Wheel Drive,Electric,0,640 reviews,"Ephrata, PA (72 mi.)","30,527 mi."
2022 Ford Mustang Mach-E Select,"$23,500",Twin Pine Ford,Automatic,All-Wheel Drive,Electric,4.7,"1,007 reviews","Ephrata, PA (73 mi.)","23,668 mi."
2024 BMW iX xDrive50,"$100,305",BMW of West Chester (PA),Automatic,All-Wheel Drive,Electric,4.8,"2,619 reviews","West Chester, PA (76 mi.)","7,171 mi."
2024 BMW iX xDrive50,"$87,745",BMW of West Chester (PA),Automatic,All-Wheel Drive,Electric,4.8,"2,619 reviews","West Chester, PA (76 mi.)","9,834 mi."
2022 Tesla Model X Dual Motor All-Wheel Drive,"$61,975",VINS MD,Automatic,All-Wheel Drive,Electric,0,0 reviews,"Baltimore, MD (8 mi.)","14,996 mi."
2024 BMW i4 Gran Coupe M50,"$74,095",BMW of Towson,Automatic,All-Wheel Drive,Electric,4.7,446 reviews,"Towson, MD (13 mi.)","1,185 mi."
2023 Subaru Solterra Limited,"$29,500",Heritage Subaru Owings Mills,Automatic,All-Wheel Drive,Electric,4.9,"1,871 reviews","Owings Mills, MD (13 mi.)","2,377 mi."
2021 Polestar 2 Launch Edition,"$27,490",Easterns Automotive Group of Laurel,Automatic,All-Wheel Drive,Electric,4.9,"4,081 reviews","Laurel, MD (13 mi.)","22,345 mi."
2016 Tesla Model X P90D,"$32,950",Easterns Automotive Group of Laurel,Automatic,All-Wheel Drive,Electric,4.9,"4,081 reviews","Laurel, MD (13 mi.)","65,926 mi."
2023 Toyota bZ4X XLE,"$26,500",DARCARS Toyota Silver Spring,Automatic,All-Wheel Drive,Electric,4.3,973 reviews,"Silver Spring, MD (20 mi.)","3,680 mi."
2021 Tesla Model 3 Long Range,"$27,000",Ourisman Chevrolet of Rockville - Curbside pickup and home delivery available,Automatic,All-Wheel Drive,Electric,4.4,412 reviews,"Rockville, MD (28 mi.)","25,594 mi."
2021 Volvo XC40 Recharge Pure Electric P8,"$26,373",Ourisman Volvo of Bethesda,Automatic,All-Wheel Drive,Electric,0,2 reviews,"Bethesda, MD (29 mi.)","36,908 mi."
2022 Ford Mustang Mach-E Select,"$27,299",Rosenthal Acura,Automatic,All-Wheel Drive,Electric,4.2,295 reviews,"Gaithersburg, MD (30 mi.)","34,747 mi."
2020 Tesla Model 3 Long Range,"$23,490",District Auto Group,Automatic,All-Wheel Drive,Electric,5,24 reviews,"Marlow Heights, MD (32 mi.)","106,632 mi."
2023 Mercedes-Benz EQS 450 4MATIC,"$76,999",Select Auto Imports,Automatic,All-Wheel Drive,Electric,5,"1,277 reviews","Alexandria, VA (40 mi.)","10,297 mi."
2023 Ford F-150 Lightning LARIAT,"$55,995",Fitzgerald Chevrolet Frederick,Automatic,All-Wheel Drive,Electric,4.2,778 reviews,"Frederick, MD (43 mi.)","9,093 mi."
2021 Ford Mustang Mach-E Premium,"$27,750",Easterns Automotive Group of Frederick,Automatic,All-Wheel Drive,Electric,4.8,897 reviews,"Frederick, MD (43 mi.)","41,623 mi."
2023 Mercedes-Benz EQS 450 4MATIC,"$65,888",Washington Exotics,Automatic,All-Wheel Drive,Electric,0,5 reviews,"Sterling, VA (44 mi.)","17,640 mi."
2023 Volvo XC40 Recharge Pure Electric Twin Ultimate,"$35,630",Beyer Volvo Cars Dulles,Automatic,All-Wheel Drive,Electric,0,471 reviews,"Sterling, VA (44 mi.)","6,820 mi."
2022 Audi e-tron GT Prestige,"$63,900",Audi Chantilly,Automatic,All-Wheel Drive,Electric,4.8,688 reviews,"Chantilly, VA (49 mi.)","23,208 mi."
2021 Tesla Model Y Long Range Dual Motor All-Wheel Drive,"$27,500",Alpha Motorsports Manassas,Automatic,All-Wheel Drive,Electric,4.6,265 reviews,"Manassas, VA (54 mi.)","23,666 mi."
2020 Tesla Model Y Long Range Dual Motor All-Wheel Drive,"$29,986",Sheehy Nissan of Manassas,Automatic,All-Wheel Drive,Electric,4.1,"1,073 reviews","Manassas, VA (54 mi.)","27,420 mi."
2021 Tesla Model S Plaid,"$56,900",Alpha Motorsports Manassas,Automatic,All-Wheel Drive,Electric,4.6,265 reviews,"Manassas, VA (54 mi.)","32,452 mi."
2021 Porsche Taycan 4S,"$79,975",Porsche Delaware,Automatic,All-Wheel Drive,Electric,4.3,249 reviews,"Newark, DE (60 mi.)","6,949 mi."
2022 Tesla Model Y Long Range Dual Motor All-Wheel Drive,"$30,000",Koons Ford of Baltimore,Automatic,All-Wheel Drive,Electric,4.2,"1,795 reviews","Windsor Mill, MD (7 mi.)","64,452 mi."
2022 Ford Mustang Mach-E Select,"$27,490",Easterns Automotive Group of Baltimore,Automatic,All-Wheel Drive,Electric,4.9,"5,866 reviews","Rosedale, MD (11 mi.)","29,034 mi."
2023 Nissan ARIYA ENGAGE,"$27,690",Nissan of White Marsh,Automatic,All-Wheel Drive,Electric,4.1,33 reviews,"White Marsh, MD (16 mi.)","8,666 mi."
2023 Toyota bZ4X XLE,"$26,500",DARCARS Toyota Silver Spring,Automatic,All-Wheel Drive,Electric,4.3,973 reviews,"Silver Spring, MD (20 mi.)","2,849 mi."
2023 Toyota bZ4X XLE,"$28,776",Jim Coleman Nissan,Automatic,All-Wheel Drive,Electric,3.7,38 reviews,"Bethesda, MD (30 mi.)","4,289 mi."
2021 Audi e-tron Sportback Premium Plus,"$36,600",Alexandria VW,Automatic,All-Wheel Drive,Electric,4.6,"1,148 reviews","Alexandria, VA (35 mi.)","13,069 mi."
2022 Audi Q4 e-tron Prestige 50 quattro,"$33,300",Alexandria VW,Automatic,All-Wheel Drive,Electric,4.6,"1,148 reviews","Alexandria, VA (35 mi.)","14,910 mi."
2023 Tesla Model 3 Performance,"$34,400",Alexandria VW,Automatic,All-Wheel Drive,Electric,4.6,"1,148 reviews","Alexandria, VA (35 mi.)","13,950 mi."
2024 Toyota bZ4X Limited,"$37,985",Passport INFINITI of Alexandria,Automatic,All-Wheel Drive,Electric,4.1,425 reviews,"Alexandria, VA (39 mi.)",700 mi.
2021 Tesla Model Y Performance Dual Motor All-Wheel Drive,"$30,650",Sheehy Honda,Automatic,All-Wheel Drive,Electric,4.8,"1,487 reviews","Alexandria, VA (40 mi.)","31,877 mi."
2021 Tesla Model Y Performance,"$34,980",Toyota of York,Automatic,All-Wheel Drive,Electric,3.5,622 reviews,"York, PA (52 mi.)","40,275 mi."
2023 Mercedes-Benz EQS 450 450,"$60,980",VINS DC,Automatic,All-Wheel Drive,Electric,4.5,139 reviews,"Manassas Park, VA (53 mi.)","14,766 mi."
2021 Tesla Model Y Long Range,"$29,980",VINS DC,Automatic,All-Wheel Drive,Electric,4.5,139 reviews,"Manassas Park, VA (53 mi.)","28,050 mi."
2022 Tesla Model Y Long Range Dual Motor All-Wheel Drive,"$31,700",Sheehy Nissan of Manassas,Automatic,All-Wheel Drive,Electric,4.1,"1,073 reviews","Manassas, VA (54 mi.)","44,586 mi."
2020 Tesla Model Y Long Range,"$28,500",Preston Ford Lincoln Hyundai Nissan,Automatic,All-Wheel Drive,Electric,0,565 reviews,"Hurlock, MD (57 mi.)","44,108 mi."
2018 Tesla Model X 75D,"$34,995",Zoom Auto,Automatic,All-Wheel Drive,Electric,0,46 reviews,"Dumfries, VA (58 mi.)","51,759 mi."
2023 Porsche Taycan Turbo S,"$145,975",Porsche Delaware,Automatic,All-Wheel Drive,Electric,4.3,249 reviews,"Newark, DE (60 mi.)","1,977 mi."
2023 Tesla Model Y Long Range Dual Motor All-Wheel Drive,"$36,995",Budget Car Sales,Automatic,All-Wheel Drive,Electric,4.9,422 reviews,"Middletown, PA (67 mi.)","15,099 mi."
2021 Tesla Model Y Long Range Dual Motor All-Wheel Drive,"$30,400",Twin Pine Ford,Automatic,All-Wheel Drive,Electric,4.7,"1,007 reviews","Ephrata, PA (73 mi.)","30,182 mi."
2022 Ford Mustang Mach-E GT,"$36,995",Jaguar Land Rover West Chester,Automatic,All-Wheel Drive,Electric,0,47 reviews,"West Chester, PA (75 mi.)","14,957 mi."
2024 Mercedes-Benz EQE 350 4MATIC,"$69,900",Mercedes-Benz of Owings Mills,Automatic,All-Wheel Drive,Electric,4.9,"2,413 reviews","Owings Mills, MD (13 mi.)","2,051 mi."
2022 Tesla Model Y Performance Dual Motor All-Wheel Drive,"$34,950",Nissan of White Marsh,Automatic,All-Wheel Drive,Electric,4.1,33 reviews,"White Marsh, MD (16 mi.)","28,345 mi."
2023 Volvo XC40 Recharge Pure Electric Twin Core,"$30,000",Koons Volvo Cars White Marsh,Automatic,All-Wheel Drive,Electric,4.2,410 reviews,"White Marsh, MD (16 mi.)","5,122 mi."
2023 Tesla Model Y Long Range Dual Motor All-Wheel Drive,"$35,995",DARCARS Chrysler Dodge Jeep Ram of Rockville,Automatic,All-Wheel Drive,Electric,4,356 reviews,"Rockville, MD (28 mi.)","9,125 mi."
2021 Tesla Model Y Long Range Dual Motor All-Wheel Drive,"$30,950",Easterns Automotive Group of Temple Hills,Automatic,All-Wheel Drive,Electric,4.9,"5,603 reviews","Temple Hills, MD (33 mi.)","37,110 mi."
2022 Volvo XC40 Recharge Pure Electric P8 Twin Plus,"$29,800",Koons Tysons Toyota,Automatic,All-Wheel Drive,Electric,4.7,"2,443 reviews","Vienna, VA (37 mi.)","16,616 mi."
2019 Tesla Model S Long Range,"$33,985",Passport INFINITI of Alexandria,Automatic,All-Wheel Drive,Electric,4.1,425 reviews,"Alexandria, VA (39 mi.)","66,580 mi."
2022 Volvo XC40 Recharge Pure Electric P8 Twin Plus,"$28,700",Malloy Ford of Alexandria,Automatic,All-Wheel Drive,Electric,2.5,665 reviews,"Alexandria, VA (39 mi.)","13,569 mi."
2021 Tesla Model 3 Long Range,"$25,700",Safford Chrysler Jeep Dodge RAM Fiat of Springfield,Automatic,All-Wheel Drive,Electric,4,955 reviews,"Springfield, VA (44 mi.)","45,534 mi."
2021 Tesla Model Y Long Range Dual Motor All-Wheel Drive,"$24,990",Sheehy INFINITI of Chantilly,Automatic,All-Wheel Drive,Electric,4.8,701 reviews,"Chantilly, VA (49 mi.)","96,439 mi."
2022 Tesla Model Y Long Range,"$32,480",VINS DC,Automatic,All-Wheel Drive,Electric,4.5,139 reviews,"Manassas Park, VA (53 mi.)","34,536 mi."
2021 Ford Mustang Mach-E Premium,"$29,690",Susquehanna Ford,Automatic,All-Wheel Drive,Electric,0,2 reviews,"Willow Street, PA (53 mi.)","14,259 mi."
2022 Tesla Model Y Performance Dual Motor All-Wheel Drive,"$35,600",Sheehy Nissan of Manassas,Automatic,All-Wheel Drive,Electric,4.1,"1,073 reviews","Manassas, VA (54 mi.)","18,504 mi."
2021 Tesla Model 3 Long Range,"$24,997",95 Motors,Automatic,All-Wheel Drive,Electric,1.2,18 reviews,"Dumfries, VA (58 mi.)","15,983 mi."
2021 Tesla Model Y Long Range,"$32,995",Zoom Auto,Automatic,All-Wheel Drive,Electric,0,46 reviews,"Dumfries, VA (58 mi.)","13,625 mi."
2022 Tesla Model 3 Long Range,"$28,500",Sauder Motors Inc.,Automatic,All-Wheel Drive,Electric,0,37 reviews,"Strasburg, PA (58 mi.)","49,191 mi."
2023 Tesla Model Y Performance Dual Motor All-Wheel Drive,"$38,654",Manheim Imports,Automatic,All-Wheel Drive,Electric,4.8,298 reviews,"Manheim, PA (65 mi.)","19,525 mi."
2020 Tesla Model Y Long Range Dual Motor All-Wheel Drive,"$30,999",Manheim Imports,Automatic,All-Wheel Drive,Electric,4.8,298 reviews,"Manheim, PA (65 mi.)","28,969 mi."
2021 Tesla Model Y Long Range Dual Motor All-Wheel Drive,"$29,999",Manheim Imports,Automatic,All-Wheel Drive,Electric,4.8,298 reviews,"Manheim, PA (65 mi.)","47,192 mi."
2024 Tesla Model Y Performance Dual Motor All-Wheel Drive,"$44,955",Manheim Imports,Automatic,All-Wheel Drive,Electric,4.8,298 reviews,"Manheim, PA (65 mi.)","5,216 mi."
2022 Tesla Model S Base,"$51,000",Koons Ford of Baltimore,Automatic,All-Wheel Drive,Electric,4.2,"1,795 reviews","Windsor Mill, MD (7 mi.)","38,135 mi."
2018 Tesla Model 3 Long Range,"$26,750",Easterns Automotive Group of Glen Burnie,Automatic,All-Wheel Drive,Electric,4.9,726 reviews,"Millersville, MD (9 mi.)","45,551 mi."
2024 Mercedes-Benz EQE 350 4MATIC,"$79,750",Mercedes-Benz of Owings Mills,Automatic,All-Wheel Drive,Electric,4.9,"2,413 reviews","Owings Mills, MD (13 mi.)",256 mi.
2023 Lexus RZ 450e Luxury,"$40,999",DARCARS Lexus Of Silver Spring,Automatic,All-Wheel Drive,Electric,4.6,"1,786 reviews","Silver Spring, MD (20 mi.)","4,674 mi."
2024 BMW iX xDrive50,"$70,000",Passport BMW,Automatic,All-Wheel Drive,Electric,4.5,"1,235 reviews","Marlow Heights, MD (32 mi.)","4,375 mi."
2021 Tesla Model Y Long Range Dual Motor All-Wheel Drive,"$32,000",Alexandria VW,Automatic,All-Wheel Drive,Electric,4.6,"1,148 reviews","Alexandria, VA (35 mi.)","27,115 mi."
2021 Audi e-tron Sportback Premium,"$31,411",Audi Arlington,Automatic,All-Wheel Drive,Electric,3.9,726 reviews,"Arlington, VA (35 mi.)","22,223 mi."
2024 Tesla Model Y Long Range Dual Motor All-Wheel Drive,"$39,000",Koons of Tysons Chevrolet Buick GMC,Automatic,All-Wheel Drive,Electric,4.5,"1,204 reviews","Vienna, VA (38 mi.)","7,907 mi."
2023 Tesla Model Y Long Range Dual Motor All-Wheel Drive,"$39,500",Passport MINI of Alexandria,Automatic,All-Wheel Drive,Electric,4.4,337 reviews,"Alexandria, VA (39 mi.)","7,063 mi."
2023 BMW iX M60,"$79,977",BMW of Alexandria,Automatic,All-Wheel Drive,Electric,4.2,"1,418 reviews","Alexandria, VA (39 mi.)","6,251 mi."
2019 Tesla Model S 100D,"$27,950",Easterns Automotive Group of Frederick,Automatic,All-Wheel Drive,Electric,4.8,897 reviews,"Frederick, MD (43 mi.)","116,986 mi."
2021 Tesla Model 3 Performance,"$28,995",CarVault,Automatic,All-Wheel Drive,Electric,3.9,28 reviews,"Waldorf, MD (44 mi.)","50,102 mi."
2018 Tesla Model S 75D,"$28,490",Easterns Automotive Group of Sterling- Curbside and Home Delivery Available,Automatic,All-Wheel Drive,Electric,4.9,"1,155 reviews","Sterling, VA (46 mi.)","43,103 mi."
2018 Tesla Model S 75D,"$25,988",AutoNation Toyota Leesburg,Automatic,All-Wheel Drive,Electric,4.7,"2,235 reviews","Leesburg, VA (48 mi.)","62,695 mi."
2018 Tesla Model S P100D,"$34,980",VINS DC,Automatic,All-Wheel Drive,Electric,4.5,139 reviews,"Manassas Park, VA (53 mi.)","59,557 mi."
2018 Tesla Model S 75D,"$24,500",Alpha Motorsports Manassas,Automatic,All-Wheel Drive,Electric,4.6,265 reviews,"Manassas, VA (54 mi.)","51,713 mi."
2021 Tesla Model Y Long Range,"$29,995",Zoom Auto,Automatic,All-Wheel Drive,Electric,0,46 reviews,"Dumfries, VA (58 mi.)","25,215 mi."
2022 Tesla Model Y Long Range,"$34,889",Tom Hodges Mitsubishi,Automatic,All-Wheel Drive,Electric,0,147 reviews,"Hollywood, MD (64 mi.)","28,761 mi."
2020 Porsche Taycan 4S,"$63,888",Manheim Imports,Automatic,All-Wheel Drive,Electric,4.8,298 reviews,"Manheim, PA (65 mi.)","25,306 mi."
2021 Tesla Model 3 Long Range,"$23,500",Twin Pine Ford,Automatic,All-Wheel Drive,Electric,4.7,"1,007 reviews","Ephrata, PA (73 mi.)","28,082 mi."
2024 BMW i4 Gran Coupe xDrive40,"$66,445",BMW of Towson,Automatic,All-Wheel Drive,Electric,4.7,446 reviews,"Towson, MD (13 mi.)","2,336 mi."
2024 BMW i4 Gran Coupe M50,"$73,995",BMW of Towson,Automatic,All-Wheel Drive,Electric,4.7,446 reviews,"Towson, MD (13 mi.)","1,528 mi."
2023 Nissan ARIYA ENGAGE,"$27,950",Nissan of White Marsh,Automatic,All-Wheel Drive,Electric,4.1,33 reviews,"White Marsh, MD (16 mi.)","4,322 mi."
2022 Ford Mustang Mach-E GT,"$36,999",Sheehy INFINITI of Annapolis,Automatic,All-Wheel Drive,Electric,4.6,618 reviews,"Annapolis, MD (19 mi.)","6,277 mi."
2023 BMW i7 xDrive60,"$112,625",BMW of Rockville,Automatic,All-Wheel Drive,Electric,4.6,"2,722 reviews","Rockville, MD (27 mi.)","4,245 mi."
2024 Audi Q8 e-tron Premium Plus,"$52,997",Audi Rockville,Automatic,All-Wheel Drive,Electric,4.7,"1,892 reviews","Rockville, MD (27 mi.)","11,606 mi."
2020 Tesla Model Y Long Range Dual Motor All-Wheel Drive,"$30,000",Alexandria VW,Automatic,All-Wheel Drive,Electric,4.6,"1,148 reviews","Alexandria, VA (35 mi.)","38,202 mi."
2024 Audi Q8 e-tron Premium Plus,"$55,920",Audi Tysons Corner,Automatic,All-Wheel Drive,Electric,4.8,"1,429 reviews","Vienna, VA (37 mi.)","9,495 mi."
2024 Audi Q8 e-tron Premium Plus,"$56,437",Ourisman Volvo Audi of Frederick,Automatic,All-Wheel Drive,Electric,3.5,142 reviews,"Frederick, MD (41 mi.)","6,961 mi."
2021 Ford Mustang Mach-E Premium,"$26,537",Sheehy Ford of Springfield,Automatic,All-Wheel Drive,Electric,4.2,888 reviews,"Springfield, VA (43 mi.)","44,431 mi."
2021 Tesla Model 3 Long Range,"$27,750",Easterns Automotive Group of Frederick,Automatic,All-Wheel Drive,Electric,4.8,897 reviews,"Frederick, MD (43 mi.)","40,564 mi."
2023 Nissan ARIYA ENGAGE,"$27,907",Sheehy Nissan of Waldorf,Automatic,All-Wheel Drive,Electric,4.6,705 reviews,"Waldorf, MD (44 mi.)","4,834 mi."
2023 Ford F-150 Lightning XLT,"$41,997",Ted Britt Ford Lincoln of Chantilly,Automatic,All-Wheel Drive,Electric,2.9,"1,277 reviews","Chantilly, VA (48 mi.)","12,791 mi."
2020 Tesla Model X Long Range Dual Motor All-Wheel Drive,"$45,997",Fred's Executive Auto,Automatic,All-Wheel Drive,Electric,4.3,471 reviews,"Woodbridge, VA (53 mi.)","30,623 mi."
2021 Tesla Model X Long Range Plus Dual Motor All-Wheel Drive,"$45,500",Fred's Executive Auto,Automatic,All-Wheel Drive,Electric,4.3,471 reviews,"Woodbridge, VA (53 mi.)","49,000 mi."
2019 Tesla Model S Long Range,"$35,995",Kingstowne Motorcars,Automatic,All-Wheel Drive,Electric,4.2,676 reviews,"Manassas, VA (57 mi.)","30,333 mi."
2021 Tesla Model Y Long Range,"$29,995",Zoom Auto,Automatic,All-Wheel Drive,Electric,0,46 reviews,"Dumfries, VA (58 mi.)","36,676 mi."
2021 Tesla Model Y Long Range,"$30,995",Zoom Auto,Automatic,All-Wheel Drive,Electric,0,46 reviews,"Dumfries, VA (58 mi.)","34,717 mi."
2022 Tesla Model Y Performance,"$35,995",Zoom Auto,Automatic,All-Wheel Drive,Electric,0,46 reviews,"Dumfries, VA (58 mi.)","28,525 mi."
2023 Hyundai IONIQ 6 SEL,"$37,569",Freysinger Hyundai,Automatic,All-Wheel Drive,Electric,0,902 reviews,"Mechanicsburg, PA (72 mi.)","3,599 mi."
2024 BMW i4 Gran Coupe xDrive40,"$67,320",BMW of Towson,Automatic,All-Wheel Drive,Electric,4.7,446 reviews,"Towson, MD (13 mi.)","3,057 mi."
2024 BMW i4 Gran Coupe xDrive40,"$66,445",BMW of Towson,Automatic,All-Wheel Drive,Electric,4.7,446 reviews,"Towson, MD (13 mi.)","3,731 mi."
2024 BMW i4 Gran Coupe xDrive40,"$65,745",BMW of Towson,Automatic,All-Wheel Drive,Electric,4.7,446 reviews,"Towson, MD (13 mi.)","3,869 mi."
2020 Tesla Model 3 Long Range,"$25,000",AMKO Auto of Laurel,Automatic,All-Wheel Drive,Electric,4.2,168 reviews,"Laurel, MD (13 mi.)","68,148 mi."
2024 BMW i4 Gran Coupe xDrive40,"$63,695",BMW of Towson,Automatic,All-Wheel Drive,Electric,4.7,446 reviews,"Towson, MD (13 mi.)",611 mi.
2023 Ford F-150 Lightning Pro,"$40,995",AutoNation Chevrolet Laurel,Automatic,All-Wheel Drive,Electric,4.5,714 reviews,"Laurel, MD (14 mi.)","12,619 mi."
2023 Mercedes-Benz EQE 350 4MATIC,"$51,250",Universal Auto Group,Automatic,All-Wheel Drive,Electric,5,92 reviews,"Silver Spring, MD (26 mi.)","5,860 mi."
2024 BMW i4 Gran Coupe xDrive40,"$62,845",BMW of Bel Air,Automatic,All-Wheel Drive,Electric,4.6,462 reviews,"Bel Air, MD (26 mi.)","3,920 mi."
2023 Volvo XC40 Recharge Pure Electric Twin Core,"$32,980",DARCARS Volvo Cars,Automatic,All-Wheel Drive,Electric,4.5,360 reviews,"Rockville, MD (28 mi.)","5,580 mi."
2023 BMW i7 xDrive60,"$97,617",Passport BMW,Automatic,All-Wheel Drive,Electric,4.5,"1,235 reviews","Marlow Heights, MD (32 mi.)","5,506 mi."
2024 Audi Q8 e-tron Premium Plus,"$51,700",Alexandria VW,Automatic,All-Wheel Drive,Electric,4.6,"1,148 reviews","Alexandria, VA (35 mi.)","13,860 mi."
2020 Tesla Model Y Performance Dual Motor All-Wheel Drive,"$31,969",Koons Outlet,Automatic,All-Wheel Drive,Electric,3.9,62 reviews,"Falls Church, VA (37 mi.)","27,458 mi."
2024 Tesla Model X Base,"$71,500",Koons Tysons Toyota,Automatic,All-Wheel Drive,Electric,4.7,"2,443 reviews","Vienna, VA (37 mi.)","6,501 mi."
2021 Tesla Model 3 Long Range,"$28,998",BMW of Alexandria,Automatic,All-Wheel Drive,Electric,4.2,"1,418 reviews","Alexandria, VA (39 mi.)","18,740 mi."
2022 Tesla Model X Plaid Tri Motor All-Wheel Drive,"$76,625",Dealer Network Trade,Automatic,All-Wheel Drive,Electric,4.4,10 reviews,"Springfield, VA (45 mi.)","27,503 mi."
2019 Tesla Model S 100D,"$38,995",Auto Trademark,Automatic,All-Wheel Drive,Electric,3.7,172 reviews,"Manassas, VA (52 mi.)","13,700 mi."
2021 Tesla Model 3 Performance,"$29,980",VINS DC,Automatic,All-Wheel Drive,Electric,4.5,139 reviews,"Manassas Park, VA (53 mi.)","14,866 mi."
2022 Tesla Model Y Performance Dual Motor All-Wheel Drive,"$35,200",Sheehy Nissan of Manassas,Automatic,All-Wheel Drive,Electric,4.1,"1,073 reviews","Manassas, VA (54 mi.)","23,344 mi."
2022 Ford F-150 Lightning LARIAT,"$45,977",Manheim Imports,Automatic,All-Wheel Drive,Electric,4.8,298 reviews,"Manheim, PA (65 mi.)","32,140 mi."
2020 Tesla Model 3 Long Range,"$22,995",Kyner's Auto Sales Inc.,Automatic,All-Wheel Drive,Electric,4.8,710 reviews,"Chambersburg, PA (68 mi.)","82,108 mi."
2021 Tesla Model Y Long Range Dual Motor All-Wheel Drive,"$29,490",Easterns Automotive Group of Laurel,Automatic,All-Wheel Drive,Electric,4.9,"4,081 reviews","Laurel, MD (13 mi.)","58,028 mi."
2016 Tesla Model X P90D,"$28,888",AMKO Auto of Laurel,Automatic,All-Wheel Drive,Electric,4.2,168 reviews,"Laurel, MD (13 mi.)","77,011 mi."
2023 Volvo C40 Recharge Pure Electric Twin Ultimate,"$26,382",Hertz Car Sales Baltimore,Automatic,All-Wheel Drive,Electric,1.9,24 reviews,"Nottingham, MD (14 mi.)","23,742 mi."
2022 Ford Mustang Mach-E Premium,"$31,962",DARCARS Chrysler Dodge Jeep RAM Silver Spring,Automatic,All-Wheel Drive,Electric,3.5,185 reviews,"Silver Spring, MD (20 mi.)","18,182 mi."
2022 Tesla Model X Plaid Tri Motor All-Wheel Drive,"$69,400",Cherner Brothers Auto Brokers,Automatic,All-Wheel Drive,Electric,4.8,201 reviews,"Kensington, MD (26 mi.)","30,174 mi."
2024 Audi Q8 e-tron Premium Plus,"$51,997",Audi Rockville,Automatic,All-Wheel Drive,Electric,4.7,"1,892 reviews","Rockville, MD (27 mi.)","17,766 mi."
2023 Mercedes-Benz EQS 580 4MATIC,"$86,995",Land Rover Bethesda,Automatic,All-Wheel Drive,Electric,4.7,991 reviews,"Bethesda, MD (27 mi.)","13,256 mi."
2018 Tesla Model 3 Long Range,"$24,953",Ourisman Kia of Bethesda,Automatic,All-Wheel Drive,Electric,0,2 reviews,"Bethesda, MD (29 mi.)","53,841 mi."
2021 Ford Mustang Mach-E Select,"$24,889",Koons of Falls Church Ford,Automatic,All-Wheel Drive,Electric,3.8,"1,082 reviews","Falls Church, VA (37 mi.)","32,198 mi."
2023 Ford Mustang Mach-E GT,"$41,000",Malloy Ford of Alexandria,Automatic,All-Wheel Drive,Electric,2.5,665 reviews,"Alexandria, VA (39 mi.)","7,293 mi."
2023 Ford Mustang Mach-E California Route 1,"$37,800",Malloy Ford of Alexandria,Automatic,All-Wheel Drive,Electric,2.5,665 reviews,"Alexandria, VA (39 mi.)","5,626 mi."
2022 Ford Mustang Mach-E GT,"$34,000",Waldorf Ford,Automatic,All-Wheel Drive,Electric,4.3,"1,144 reviews","Waldorf, MD (43 mi.)","17,125 mi."
2021 Ford Mustang Mach-E Select,"$26,000",Waldorf Ford,Automatic,All-Wheel Drive,Electric,4.3,"1,144 reviews","Waldorf, MD (43 mi.)","29,692 mi."
2021 Ford Mustang Mach-E Select,"$25,988",Sheehy Ford of Springfield,Automatic,All-Wheel Drive,Electric,4.2,888 reviews,"Springfield, VA (43 mi.)","23,038 mi."
2018 Tesla Model 3 Long Range,"$25,400",Safford Chrysler Jeep Dodge RAM Fiat of Springfield,Automatic,All-Wheel Drive,Electric,4,955 reviews,"Springfield, VA (44 mi.)","33,916 mi."
2024 Kia EV9 Wind,"$54,000",Ourisman Fairfax Kia,Automatic,All-Wheel Drive,Electric,2.8,27 reviews,"Fairfax, VA (44 mi.)","2,021 mi."
2023 Ford Mustang Mach-E Premium,"$35,924",Ted Britt Ford Lincoln of Chantilly,Automatic,All-Wheel Drive,Electric,2.9,"1,277 reviews","Chantilly, VA (48 mi.)","19,115 mi."
2021 Tesla Model 3 Performance,"$30,997",Fred's Executive Auto,Automatic,All-Wheel Drive,Electric,4.3,471 reviews,"Woodbridge, VA (53 mi.)","27,000 mi."
2021 Tesla Model Y Performance Dual Motor All-Wheel Drive,"$35,997",Fred's Executive Auto,Automatic,All-Wheel Drive,Electric,4.3,471 reviews,"Woodbridge, VA (53 mi.)","8,868 mi."
2020 Tesla Model X Long Range Dual Motor All-Wheel Drive,"$47,500",Fred's Executive Auto,Automatic,All-Wheel Drive,Electric,4.3,471 reviews,"Woodbridge, VA (53 mi.)","41,853 mi."
2021 Tesla Model Y Long Range Dual Motor All-Wheel Drive,"$25,995",AMKO Auto of Laurel,Automatic,All-Wheel Drive,Electric,4.2,168 reviews,"Laurel, MD (13 mi.)","77,835 mi."
2024 BMW i4 Gran Coupe xDrive40,"$66,195",BMW of Towson,Automatic,All-Wheel Drive,Electric,4.7,446 reviews,"Towson, MD (13 mi.)","3,041 mi."
2024 BMW i4 Gran Coupe M50,"$75,695",BMW of Towson,Automatic,All-Wheel Drive,Electric,4.7,446 reviews,"Towson, MD (13 mi.)","3,725 mi."
2024 BMW i4 Gran Coupe xDrive40,"$69,220",BMW of Towson,Automatic,All-Wheel Drive,Electric,4.7,446 reviews,"Towson, MD (13 mi.)","3,316 mi."
2024 BMW iX xDrive50,"$95,095",BMW of Towson,Automatic,All-Wheel Drive,Electric,4.7,446 reviews,"Towson, MD (13 mi.)","1,783 mi."
2020 Tesla Model Y Long Range Dual Motor All-Wheel Drive,"$26,777",AMKO Auto of Laurel,Automatic,All-Wheel Drive,Electric,4.2,168 reviews,"Laurel, MD (13 mi.)","55,000 mi."
2022 BMW iX xDrive50,"$52,791",Mercedes-Benz of Annapolis,Automatic,All-Wheel Drive,Electric,4.9,"3,279 reviews","Annapolis, MD (22 mi.)","27,461 mi."
2022 Hyundai IONIQ 5 Limited,"$31,995",Jones Preowned Superstore,Automatic,All-Wheel Drive,Electric,3.2,733 reviews,"Fallston, MD (25 mi.)","26,937 mi."
2021 Tesla Model Y Long Range Dual Motor All-Wheel Drive,"$31,395",Universal Auto Group,Automatic,All-Wheel Drive,Electric,5,92 reviews,"Silver Spring, MD (26 mi.)","36,587 mi."
2020 Tesla Model X Long Range Plus Dual Motor All-Wheel Drive,"$50,948",Universal Auto Group,Automatic,All-Wheel Drive,Electric,5,92 reviews,"Silver Spring, MD (26 mi.)","26,951 mi."
2023 Mercedes-Benz EQE 350 4MATIC,"$52,995",Elite Auto Brokers,Automatic,All-Wheel Drive,Electric,4.9,765 reviews,"Gaithersburg, MD (27 mi.)","8,776 mi."
2020 Tesla Model Y Performance Dual Motor All-Wheel Drive,"$32,881",Euro Motorcars Bethesda,Automatic,All-Wheel Drive,Electric,4.5,623 reviews,"Bethesda, MD (29 mi.)","34,119 mi."
2023 Tesla Model Y Long Range Dual Motor All-Wheel Drive,"$34,500",Sheehy Ford Lincoln of Gaithersburg,Automatic,All-Wheel Drive,Electric,4.9,"3,503 reviews","Gaithersburg, MD (30 mi.)","24,370 mi."
2021 Tesla Model Y Long Range Dual Motor All-Wheel Drive,"$27,900",Alexandria VW,Automatic,All-Wheel Drive,Electric,4.6,"1,148 reviews","Alexandria, VA (35 mi.)","40,962 mi."
2023 Tesla Model 3 Performance,"$36,700",Alexandria VW,Automatic,All-Wheel Drive,Electric,4.6,"1,148 reviews","Alexandria, VA (35 mi.)","7,377 mi."
2023 Mercedes-Benz EQE 500 4MATIC,"$62,995",Mercedes-Benz of Arlington,Automatic,All-Wheel Drive,Electric,4.9,"2,532 reviews","Arlington, VA (35 mi.)","1,464 mi."
2020 Tesla Model Y Performance Dual Motor All-Wheel Drive,"$30,892",Koons of Tysons Chevrolet Buick GMC,Automatic,All-Wheel Drive,Electric,4.5,"1,204 reviews","Vienna, VA (38 mi.)","30,352 mi."
2024 BMW iX xDrive50,"$81,560",BMW of Fairfax,Automatic,All-Wheel Drive,Electric,4.8,"2,141 reviews","Fairfax, VA (40 mi.)","14,247 mi."
2023 Tesla Model S Base,"$66,550",Pohanka Lexus,Automatic,All-Wheel Drive,Electric,3.9,"1,912 reviews","Chantilly, VA (48 mi.)","3,802 mi."
2021 Tesla Model Y Long Range Dual Motor All-Wheel Drive,"$27,500",Alpha Motorsports Manassas,Automatic,All-Wheel Drive,Electric,4.6,265 reviews,"Manassas, VA (54 mi.)","31,432 mi."
2021 Ford Mustang Mach-E Premium,"$26,950",Easterns Automotive Group of Glen Burnie,Automatic,All-Wheel Drive,Electric,4.9,726 reviews,"Millersville, MD (9 mi.)","43,594 mi."
2020 Tesla Model X Performance Dual Motor All-Wheel Drive,"$42,995",AMKO Auto of Laurel,Automatic,All-Wheel Drive,Electric,4.2,168 reviews,"Laurel, MD (13 mi.)","64,276 mi."
2021 Ford Mustang Mach-E Select,"$27,350",Easterns Automotive Group of Laurel,Automatic,All-Wheel Drive,Electric,4.9,"4,081 reviews","Laurel, MD (13 mi.)","28,448 mi."
2023 Porsche Taycan 4S,"$81,500",Porsche Hunt Valley,Automatic,All-Wheel Drive,Electric,4.9,325 reviews,"Cockeysville, MD (13 mi.)","12,775 mi."
2020 Porsche Taycan 4S,"$62,500",Koons Clarksville Chevy Buick GMC,Automatic,All-Wheel Drive,Electric,4.5,502 reviews,"Clarksville, MD (15 mi.)","20,717 mi."
2018 Tesla Model S 100D,"$30,695",Trust Auto,Automatic,All-Wheel Drive,Electric,4.6,492 reviews,"Sykesville, MD (25 mi.)","65,204 mi."
2023 Ford Mustang Mach-E GT,"$42,634",Hersons Kia,Automatic,All-Wheel Drive,Electric,4.6,542 reviews,"Rockville, MD (28 mi.)","5,312 mi."
2021 Ford Mustang Mach-E Select,"$26,498",Sheehy Ford Lincoln of Gaithersburg,Automatic,All-Wheel Drive,Electric,4.9,"3,503 reviews","Gaithersburg, MD (30 mi.)","23,008 mi."
2021 Ford Mustang Mach-E Premium,"$28,500",Alexandria VW,Automatic,All-Wheel Drive,Electric,4.6,"1,148 reviews","Alexandria, VA (35 mi.)","43,890 mi."
2021 Ford Mustang Mach-E Select,"$25,690",Easterns Automotive Group of Alexandria,Automatic,All-Wheel Drive,Electric,4.8,"1,026 reviews","Alexandria, VA (39 mi.)","41,385 mi."
2021 Ford Mustang Mach-E Premium,"$27,877",Sheehy Ford of Springfield,Automatic,All-Wheel Drive,Electric,4.2,888 reviews,"Springfield, VA (43 mi.)","35,780 mi."
2023 Tesla Model Y Long Range Dual Motor All-Wheel Drive,"$35,900",Safford Chrysler Jeep Dodge RAM Fiat of Springfield,Automatic,All-Wheel Drive,Electric,4,955 reviews,"Springfield, VA (44 mi.)","12,575 mi."
2024 BMW iX xDrive50,"$80,000",BMW of Sterling,Automatic,All-Wheel Drive,Electric,3.6,"1,140 reviews","Sterling, VA (44 mi.)","8,249 mi."
2024 BMW iX xDrive50,"$74,923",BMW of Sterling,Automatic,All-Wheel Drive,Electric,3.6,"1,140 reviews","Sterling, VA (44 mi.)","11,052 mi."
2022 Tesla Model Y Long Range Dual Motor All-Wheel Drive,"$36,000",Moore Cadillac- We will buy your car,Automatic,All-Wheel Drive,Electric,3.5,721 reviews,"Chantilly, VA (49 mi.)","1,682 mi."
2022 Tesla Model Y Long Range,"$31,380",VINS DC,Automatic,All-Wheel Drive,Electric,4.5,139 reviews,"Manassas Park, VA (53 mi.)","26,734 mi."
2021 Tesla Model Y Performance Dual Motor All-Wheel Drive,"$32,400",Sheehy Nissan of Manassas,Automatic,All-Wheel Drive,Electric,4.1,"1,073 reviews","Manassas, VA (54 mi.)","32,233 mi."
2023 Ford Mustang Mach-E Premium,"$50,505",Beshore And Koller Inc,Automatic,All-Wheel Drive,Electric,0,4 reviews,"Manchester, PA (57 mi.)","3,414 mi."
2021 Tesla Model Y Long Range Dual Motor All-Wheel Drive,"$26,999",Premier Automotive,Automatic,All-Wheel Drive,Electric,3.2,235 reviews,"Dumfries, VA (58 mi.)","34,573 mi."
2024 BMW i5 M60,"$75,890",Union Park Honda BMW Buick GMC Volvo Cars Jaguar,Automatic,All-Wheel Drive,Electric,3.4,554 reviews,"Wilmington, DE (70 mi.)",792 mi.
2021 Ford Mustang Mach-E Select,"$26,850",Easterns Automotive Group of Baltimore,Automatic,All-Wheel Drive,Electric,4.9,"5,866 reviews","Rosedale, MD (11 mi.)","30,571 mi."
2018 Tesla Model 3 Long Range,"$26,950",Easterns Automotive Group of Temple Hills,Automatic,All-Wheel Drive,Electric,4.9,"5,603 reviews","Temple Hills, MD (33 mi.)","49,988 mi."
2021 Tesla Model Y Long Range Dual Motor All-Wheel Drive,"$28,950",Easterns Automotive Group of Temple Hills,Automatic,All-Wheel Drive,Electric,4.9,"5,603 reviews","Temple Hills, MD (33 mi.)","51,901 mi."
2021 Tesla Model Y Long Range Dual Motor All-Wheel Drive,"$28,998",BMW of Alexandria,Automatic,All-Wheel Drive,Electric,4.2,"1,418 reviews","Alexandria, VA (39 mi.)","47,658 mi."
2023 Ford Mustang Mach-E GT,"$38,950",Passport INFINITI of Alexandria,Automatic,All-Wheel Drive,Electric,4.1,425 reviews,"Alexandria, VA (39 mi.)","16,710 mi."
2022 Ford Mustang Mach-E GT,"$34,500",Malloy Ford of Alexandria,Automatic,All-Wheel Drive,Electric,2.5,665 reviews,"Alexandria, VA (39 mi.)","20,989 mi."
2021 Ford Mustang Mach-E Select,"$24,985",Sheehy Ford of Springfield,Automatic,All-Wheel Drive,Electric,4.2,888 reviews,"Springfield, VA (43 mi.)","43,200 mi."
2021 Tesla Model 3 Performance,"$28,995",Sheehy INFINITI of Chantilly,Automatic,All-Wheel Drive,Electric,4.8,701 reviews,"Chantilly, VA (49 mi.)","40,635 mi."
2023 Tesla Model Y Long Range Dual Motor All-Wheel Drive,"$32,000",Auto Giants Nissan,Automatic,All-Wheel Drive,Electric,3.2,220 reviews,"Woodbridge, VA (53 mi.)","29,946 mi."
2022 Tesla Model Y Performance,"$33,980",VINS DC,Automatic,All-Wheel Drive,Electric,4.5,139 reviews,"Manassas Park, VA (53 mi.)","33,945 mi."
2023 Tesla Model Y Long Range Dual Motor All-Wheel Drive,"$37,997",Fred's Executive Auto,Automatic,All-Wheel Drive,Electric,4.3,471 reviews,"Woodbridge, VA (53 mi.)","7,200 mi."
2021 Tesla Model 3 Long Range,"$27,997",Fred's Executive Auto,Automatic,All-Wheel Drive,Electric,4.3,471 reviews,"Woodbridge, VA (53 mi.)","48,000 mi."
2021 Tesla Model Y Long Range,"$28,980",VINS DC,Automatic,All-Wheel Drive,Electric,4.5,139 reviews,"Manassas Park, VA (53 mi.)","38,332 mi."
2022 Tesla Model Y Long Range Dual Motor All-Wheel Drive,"$35,997",Fred's Executive Auto,Automatic,All-Wheel Drive,Electric,4.3,471 reviews,"Woodbridge, VA (53 mi.)","17,894 mi."
2022 Tesla Model Y Performance Dual Motor All-Wheel Drive,"$34,500",Fred's Executive Auto,Automatic,All-Wheel Drive,Electric,4.3,471 reviews,"Woodbridge, VA (53 mi.)","43,605 mi."
2021 Tesla Model Y Long Range Dual Motor All-Wheel Drive,"$28,997",Fred's Executive Auto,Automatic,All-Wheel Drive,Electric,4.3,471 reviews,"Woodbridge, VA (53 mi.)","46,000 mi."
2024 BMW iX xDrive50,"$66,995",Michigan Auto,Automatic,All-Wheel Drive,Electric,3.1,45 reviews,"Woodbridge, VA (55 mi.)","10,918 mi."
2021 Tesla Model 3 Performance,"$33,700",Lease Return Center,Automatic,All-Wheel Drive,Electric,2.3,339 reviews,"Triangle, VA (60 mi.)","11,832 mi."
2020 Tesla Model 3 Performance,"$25,900",Lease Return Center,Automatic,All-Wheel Drive,Electric,2.3,339 reviews,"Triangle, VA (60 mi.)","49,144 mi."
2024 BMW i5 M60,"$74,788",BMW of West Chester (PA),Automatic,All-Wheel Drive,Electric,4.8,"2,619 reviews","West Chester, PA (76 mi.)","6,968 mi."
2021 Tesla Model Y Long Range Dual Motor All-Wheel Drive,"$31,950",Easterns Automotive Group of Hyattsville,Automatic,All-Wheel Drive,Electric,4.9,"5,089 reviews","Hyattsville, MD (23 mi.)","54,414 mi."
2023 Tesla Model Y Performance Dual Motor All-Wheel Drive,"$36,000",Passport BMW,Automatic,All-Wheel Drive,Electric,4.5,"1,235 reviews","Marlow Heights, MD (32 mi.)","25,698 mi."
2023 Audi Q4 e-tron Prestige 50 quattro,"$41,020",Audi Tysons Corner,Automatic,All-Wheel Drive,Electric,4.8,"1,429 reviews","Vienna, VA (37 mi.)","6,853 mi."
2022 Tesla Model Y Long Range Dual Motor All-Wheel Drive,"$32,000",Koons Tysons Chrysler Dodge Jeep RAM,Automatic,All-Wheel Drive,Electric,3.7,984 reviews,"Vienna, VA (38 mi.)","32,783 mi."
2021 Tesla Model Y Long Range Dual Motor All-Wheel Drive,"$30,275",Easterns Automotive Group of Frederick,Automatic,All-Wheel Drive,Electric,4.8,897 reviews,"Frederick, MD (43 mi.)","48,864 mi."
2020 Tesla Model Y Long Range,"$30,000",Jim McKay Chevrolet,Automatic,All-Wheel Drive,Electric,2.5,307 reviews,"Fairfax, VA (43 mi.)","26,877 mi."
2023 Tesla Model Y Performance,"$38,500",Jim McKay Chevrolet,Automatic,All-Wheel Drive,Electric,2.5,307 reviews,"Fairfax, VA (43 mi.)","12,279 mi."
2021 Tesla Model Y Long Range,"$33,700",Jim McKay Chevrolet,Automatic,All-Wheel Drive,Electric,2.5,307 reviews,"Fairfax, VA (43 mi.)","7,703 mi."
2023 Tesla Model Y Performance,"$39,000",Jim McKay Chevrolet,Automatic,All-Wheel Drive,Electric,2.5,307 reviews,"Fairfax, VA (43 mi.)","7,095 mi."
2022 Tesla Model Y Long Range,"$32,652",BMW of Sterling,Automatic,All-Wheel Drive,Electric,3.6,"1,140 reviews","Sterling, VA (44 mi.)","29,661 mi."
2021 Ford Mustang Mach-E Select,"$27,750",Easterns Automotive Group of Sterling- Curbside and Home Delivery Available,Automatic,All-Wheel Drive,Electric,4.9,"1,155 reviews","Sterling, VA (46 mi.)","34,812 mi."
2018 Tesla Model S 100D,"$29,495",Imperial Auto LLC,Automatic,All-Wheel Drive,Electric,3.7,58 reviews,"Manassas, VA (52 mi.)","78,655 mi."
2021 Tesla Model Y Performance Dual Motor All-Wheel Drive,"$33,500",Fred's Executive Auto,Automatic,All-Wheel Drive,Electric,4.3,471 reviews,"Woodbridge, VA (53 mi.)","37,779 mi."
2021 Tesla Model Y Long Range,"$28,500",Lindsay Chrysler Dodge Jeep Ram,Automatic,All-Wheel Drive,Electric,4.7,"1,761 reviews","Manassas, VA (53 mi.)","48,210 mi."
2021 Tesla Model S Long Range,"$45,500",Alpha Motorsports Manassas,Automatic,All-Wheel Drive,Electric,4.6,265 reviews,"Manassas, VA (54 mi.)","24,251 mi."
2021 Tesla Model Y Long Range,"$29,495",Michigan Auto,Automatic,All-Wheel Drive,Electric,3.1,45 reviews,"Woodbridge, VA (55 mi.)","26,080 mi."
2021 Tesla Model Y Long Range,"$28,895",Kingstowne Motorcars,Automatic,All-Wheel Drive,Electric,4.2,676 reviews,"Manassas, VA (57 mi.)","39,780 mi."
2021 Tesla Model Y Long Range,"$29,995",Zoom Auto,Automatic,All-Wheel Drive,Electric,0,46 reviews,"Dumfries, VA (58 mi.)","28,108 mi."
2021 Tesla Model Y Performance Dual Motor All-Wheel Drive,"$26,997",Premier Automotive,Automatic,All-Wheel Drive,Electric,3.2,235 reviews,"Dumfries, VA (58 mi.)","50,620 mi."
2021 Tesla Model Y Long Range Dual Motor All-Wheel Drive,"$25,477",Premier Automotive,Automatic,All-Wheel Drive,Electric,3.2,235 reviews,"Dumfries, VA (58 mi.)","50,348 mi."
2023 Hyundai IONIQ 5 SE,"$32,700",Heritage Hyundai Towson,Automatic,All-Wheel Drive,Electric,4.8,"3,513 reviews","Towson, MD (13 mi.)","9,016 mi."
2019 Tesla Model S Performance,"$40,991",Hersons Kia,Automatic,All-Wheel Drive,Electric,4.6,542 reviews,"Rockville, MD (28 mi.)","48,481 mi."
2020 Tesla Model Y Long Range Dual Motor All-Wheel Drive,"$30,000",Ourisman Volkswagen of Bethesda,Automatic,All-Wheel Drive,Electric,3.2,78 reviews,"Bethesda, MD (29 mi.)","43,054 mi."
2018 Tesla Model S 75D,"$19,495",WBM of Arlington,Automatic,All-Wheel Drive,Electric,2.4,161 reviews,"Arlington, VA (34 mi.)","133,239 mi."
2021 Tesla Model Y Performance Dual Motor All-Wheel Drive,"$32,000",Koons of Tysons Chevrolet Buick GMC,Automatic,All-Wheel Drive,Electric,4.5,"1,204 reviews","Vienna, VA (38 mi.)","36,579 mi."
2020 Tesla Model Y Long Range Dual Motor All-Wheel Drive,"$30,950",Easterns Automotive Group of Alexandria,Automatic,All-Wheel Drive,Electric,4.8,"1,026 reviews","Alexandria, VA (39 mi.)","35,088 mi."
2018 Tesla Model 3 Long Range,"$26,500",Passport INFINITI of Alexandria,Automatic,All-Wheel Drive,Electric,4.1,425 reviews,"Alexandria, VA (39 mi.)","29,497 mi."
2021 Tesla Model S Plaid,"$60,000",Jim McKay Chevrolet,Automatic,All-Wheel Drive,Electric,2.5,307 reviews,"Fairfax, VA (43 mi.)","16,896 mi."
2022 Ford Mustang Mach-E Select,"$27,342",Sheehy Ford of Springfield,Automatic,All-Wheel Drive,Electric,4.2,888 reviews,"Springfield, VA (43 mi.)","28,464 mi."
2023 Tesla Model 3 Performance,"$35,000",Jim McKay Chevrolet,Automatic,All-Wheel Drive,Electric,2.5,307 reviews,"Fairfax, VA (43 mi.)","10,365 mi."
2022 Tesla Model Y Long Range Dual Motor All-Wheel Drive,"$27,275",Easterns Automotive Group of Frederick,Automatic,All-Wheel Drive,Electric,4.8,897 reviews,"Frederick, MD (43 mi.)","96,910 mi."
2022 Tesla Model Y Long Range Dual Motor All-Wheel Drive,"$28,997",Premier Automotive,Automatic,All-Wheel Drive,Electric,3.2,235 reviews,"Dumfries, VA (58 mi.)","37,395 mi."
2023 Tesla Model Y Long Range Dual Motor All-Wheel Drive,"$30,997",Premier Automotive,Automatic,All-Wheel Drive,Electric,3.2,235 reviews,"Dumfries, VA (58 mi.)","25,141 mi."
2021 Tesla Model Y Long Range Dual Motor All-Wheel Drive,"$26,477",Premier Automotive,Automatic,All-Wheel Drive,Electric,3.2,235 reviews,"Dumfries, VA (58 mi.)","46,779 mi."
2017 Tesla Model S 100D,"$27,997",Premier Automotive,Automatic,All-Wheel Drive,Electric,3.2,235 reviews,"Dumfries, VA (58 mi.)","46,532 mi."
2017 Tesla Model S 100D,"$27,450",Premier Automotive,Automatic,All-Wheel Drive,Electric,3.2,235 reviews,"Dumfries, VA (58 mi.)","51,917 mi."
2021 Tesla Model 3 Long Range,"$26,995",Zoom Auto,Automatic,All-Wheel Drive,Electric,0,46 reviews,"Dumfries, VA (58 mi.)","20,911 mi."
2020 Tesla Model Y Performance Dual Motor All-Wheel Drive,"$29,700",Lease Return Center,Automatic,All-Wheel Drive,Electric,2.3,339 reviews,"Triangle, VA (60 mi.)","54,670 mi."
2017 Tesla Model S P100D,"$29,777",Lease Return Center,Automatic,All-Wheel Drive,Electric,2.3,339 reviews,"Triangle, VA (60 mi.)","67,835 mi."
2021 Ford Mustang Mach-E Premium,"$28,000",Bob Ruth Ford,Automatic,All-Wheel Drive,Electric,4.7,"1,942 reviews","Dillsburg, PA (64 mi.)","16,072 mi."
2018 Tesla Model X P100D,"$38,980",Auto Leader,Automatic,All-Wheel Drive,Electric,3.9,150 reviews,"Baltimore, MD (8 mi.)","74,800 mi."
2019 Tesla Model 3 Long Range,"$27,350",Easterns Automotive Group of Laurel,Automatic,All-Wheel Drive,Electric,4.9,"4,081 reviews","Laurel, MD (13 mi.)","52,891 mi."
2024 Polestar 2 Long Range Dual Motor Plus,"$38,500",Koons Volvo Cars White Marsh,Automatic,All-Wheel Drive,Electric,4.2,410 reviews,"White Marsh, MD (16 mi.)","8,117 mi."
2022 Tesla Model Y Long Range Dual Motor All-Wheel Drive,"$30,798",INFINITI of Suitland,Automatic,All-Wheel Drive,Electric,3.5,188 reviews,"Suitland, MD (32 mi.)","47,890 mi."
2023 Audi Q4 e-tron Premium Plus 50 quattro,"$35,225",Audi Arlington,Automatic,All-Wheel Drive,Electric,3.9,726 reviews,"Arlington, VA (35 mi.)","18,136 mi."
2024 BMW iX xDrive50,"$70,510",Porsche Arlington,Automatic,All-Wheel Drive,Electric,4.6,"1,090 reviews","Arlington, VA (35 mi.)","8,385 mi."
2023 Audi Q4 e-tron Prestige 50 quattro,"$39,730",Audi Tysons Corner,Automatic,All-Wheel Drive,Electric,4.8,"1,429 reviews","Vienna, VA (37 mi.)","6,781 mi."
2022 Tesla Model Y Long Range Dual Motor All-Wheel Drive,"$29,500",Koons Tysons Chrysler Dodge Jeep RAM,Automatic,All-Wheel Drive,Electric,3.7,984 reviews,"Vienna, VA (38 mi.)","43,707 mi."
2015 Tesla Model S 70D,"$20,950",Sheehy Honda,Automatic,All-Wheel Drive,Electric,4.8,"1,487 reviews","Alexandria, VA (40 mi.)","68,720 mi."
2021 Tesla Model Y Long Range,"$27,500",AP Fairfax,Automatic,All-Wheel Drive,Electric,0,504 reviews,"Fairfax, VA (42 mi.)","72,239 mi."
2020 Tesla Model Y Long Range Dual Motor All-Wheel Drive,"$29,995",Virginia Fine Cars,Automatic,All-Wheel Drive,Electric,3.8,25 reviews,"Chantilly, VA (49 mi.)","39,270 mi."
2021 Tesla Model X Long Range Plus Dual Motor All-Wheel Drive,"$52,997",Fred's Executive Auto,Automatic,All-Wheel Drive,Electric,4.3,471 reviews,"Woodbridge, VA (53 mi.)","31,342 mi."
2021 Tesla Model X Long Range Plus Dual Motor All-Wheel Drive,"$48,500",Fred's Executive Auto,Automatic,All-Wheel Drive,Electric,4.3,471 reviews,"Woodbridge, VA (53 mi.)","40,598 mi."
2023 Tesla Model Y Performance,"$36,995",Carmart,Automatic,All-Wheel Drive,Electric,3.1,31 reviews,"Manassas, VA (54 mi.)","25,965 mi."
2018 Tesla Model S 75D,"$23,998",Sheehy Nissan of Manassas,Automatic,All-Wheel Drive,Electric,4.1,"1,073 reviews","Manassas, VA (54 mi.)","84,593 mi."
2022 Tesla Model 3 Long Range,"$26,995",Kingstowne Motorcars,Automatic,All-Wheel Drive,Electric,4.2,676 reviews,"Manassas, VA (57 mi.)","40,989 mi."
2021 Tesla Model X Long Range,"$41,995",Kingstowne Motorcars,Automatic,All-Wheel Drive,Electric,4.2,676 reviews,"Manassas, VA (57 mi.)","66,884 mi."
2021 Ford Mustang Mach-E Premium,"$29,999",Premier Automotive,Automatic,All-Wheel Drive,Electric,3.2,235 reviews,"Dumfries, VA (58 mi.)","15,726 mi."
2023 Tesla Model Y,"$35,495",Budget Car Sales,Automatic,All-Wheel Drive,Electric,4.9,422 reviews,"Middletown, PA (67 mi.)","15,083 mi."
2021 Tesla Model 3 Performance,"$30,595","Pointe Buick GMC, LLC",Automatic,All-Wheel Drive,Electric,4.3,770 reviews,"Penns Grove, NJ (74 mi.)","34,957 mi."
2022 Audi e-tron GT Prestige,"$59,995",Universal Auto Group,Automatic,All-Wheel Drive,Electric,5,92 reviews,"Silver Spring, MD (26 mi.)","24,421 mi."
2023 Mercedes-Benz EQE 350 4MATIC,"$51,995",Elite Auto Brokers,Automatic,All-Wheel Drive,Electric,4.9,765 reviews,"Gaithersburg, MD (27 mi.)","10,555 mi."
2016 Tesla Model S,"$34,881",Euro Motorcars Bethesda,Automatic,All-Wheel Drive,Electric,4.5,623 reviews,"Bethesda, MD (29 mi.)","11,995 mi."
2023 Tesla Model 3 Long Range,"$31,000",Koons Toyota Of Westminster,Automatic,All-Wheel Drive,Electric,4.6,867 reviews,"Westminster, MD (29 mi.)","21,349 mi."
2020 Tesla Model S Performance,"$48,995",District Auto Group,Automatic,All-Wheel Drive,Electric,5,24 reviews,"Marlow Heights, MD (32 mi.)","45,254 mi."
2021 Tesla Model 3 Long Range,"$25,700",Alexandria VW,Automatic,All-Wheel Drive,Electric,4.6,"1,148 reviews","Alexandria, VA (35 mi.)","46,254 mi."
2018 Tesla Model 3 Long Range,"$26,000",Koons of Tysons Chevrolet Buick GMC,Automatic,All-Wheel Drive,Electric,4.5,"1,204 reviews","Vienna, VA (38 mi.)","41,535 mi."
2022 Kia EV6 Wind,"$33,406",DARCARS Kia of Frederick,Automatic,All-Wheel Drive,Electric,3.6,131 reviews,"Frederick, MD (41 mi.)","9,529 mi."
2024 Kia EV6 Wind,"$42,500",Ourisman Fairfax Kia,Automatic,All-Wheel Drive,Electric,2.8,27 reviews,"Fairfax, VA (44 mi.)",108 mi.
2018 Tesla Model 3 Long Range,"$23,795",Capital Auto Sales,Automatic,All-Wheel Drive,Electric,3.8,153 reviews,"Chantilly, VA (48 mi.)","50,654 mi."
2018 Tesla Model X 75D,"$31,500",Sheehy INFINITI of Chantilly,Automatic,All-Wheel Drive,Electric,4.8,701 reviews,"Chantilly, VA (49 mi.)","62,293 mi."
2019 Tesla Model 3 Performance,"$23,163",CarGet Motors,Automatic,All-Wheel Drive,Electric,4.2,10 reviews,"Woodbridge, VA (53 mi.)","60,858 mi."
2024 Chevrolet Blazer EV RS,"$37,500",Koons Woodbridge Buick GMC,Automatic,All-Wheel Drive,Electric,4,100 reviews,"Woodbridge, VA (53 mi.)","3,902 mi."
2021 Tesla Model 3 Performance,"$32,997",Fred's Executive Auto,Automatic,All-Wheel Drive,Electric,4.3,471 reviews,"Woodbridge, VA (53 mi.)","19,037 mi."
2023 Audi e-tron GT Prestige,"$72,995",Sheehy Nissan of Manassas,Automatic,All-Wheel Drive,Electric,4.1,"1,073 reviews","Manassas, VA (54 mi.)","6,840 mi."
2017 Tesla Model X 90D,"$27,888",Perfect Auto,Automatic,All-Wheel Drive,Electric,0,227 reviews,"Manassas, VA (55 mi.)","91,175 mi."
2021 Tesla Model 3 Performance,"$28,995",Zoom Auto,Automatic,All-Wheel Drive,Electric,0,46 reviews,"Dumfries, VA (58 mi.)","32,828 mi."
2022 Tesla Model 3 Long Range,"$24,997",Premier Automotive,Automatic,All-Wheel Drive,Electric,3.2,235 reviews,"Dumfries, VA (58 mi.)","30,211 mi."
2015 Tesla Model S 70D,"$20,450",Lease Return Center,Automatic,All-Wheel Drive,Electric,2.3,339 reviews,"Triangle, VA (60 mi.)","51,572 mi."
2023 Subaru Solterra Limited,"$29,877",Winner Subaru,Automatic,All-Wheel Drive,Electric,4.6,645 reviews,"Dover, DE (61 mi.)","8,551 mi."
2023 Volkswagen ID.4 AWD Pro S,"$29,500",Heritage Volkswagen Catonsville,Automatic,All-Wheel Drive,Electric,4.6,785 reviews,"Catonsville, MD (6 mi.)","16,528 mi."
2016 Tesla Model X P90D,"$27,995",AMKO Auto of Laurel,Automatic,All-Wheel Drive,Electric,4.2,168 reviews,"Laurel, MD (13 mi.)","98,386 mi."
2019 Tesla Model 3 Long Range,"$24,995",AutoNation Chevrolet Timonium,Automatic,All-Wheel Drive,Electric,4.8,638 reviews,"Lutherville-Timonium, MD (16 mi.)","31,472 mi."
2022 Volvo XC40 Recharge Pure Electric P8 Twin Plus,"$30,000",Koons Volvo Cars White Marsh,Automatic,All-Wheel Drive,Electric,4.2,410 reviews,"White Marsh, MD (16 mi.)","18,328 mi."
2018 Tesla Model S 75D,"$22,981",MemberCar,Automatic,All-Wheel Drive,Electric,4.9,612 reviews,"Rockville, MD (27 mi.)","116,678 mi."
2024 BMW i5 M60,"$86,930",BMW of Rockville,Automatic,All-Wheel Drive,Electric,4.6,"2,722 reviews","Rockville, MD (27 mi.)","4,235 mi."
2024 BMW iX xDrive50,"$81,995",Porsche Arlington,Automatic,All-Wheel Drive,Electric,4.6,"1,090 reviews","Arlington, VA (35 mi.)","2,641 mi."
2021 Tesla Model 3 Performance,"$29,500",Alexandria VW,Automatic,All-Wheel Drive,Electric,4.6,"1,148 reviews","Alexandria, VA (35 mi.)","43,619 mi."
2024 Audi Q8 e-tron Premium Plus,"$53,647",Ourisman Volvo Audi of Frederick,Automatic,All-Wheel Drive,Electric,3.5,142 reviews,"Frederick, MD (41 mi.)","9,992 mi."
2021 Tesla Model 3 Long Range,"$29,997",Fred's Executive Auto,Automatic,All-Wheel Drive,Electric,4.3,471 reviews,"Woodbridge, VA (53 mi.)","25,504 mi."
2019 Tesla Model 3 Long Range,"$27,350",Sheehy Nissan of Manassas,Automatic,All-Wheel Drive,Electric,4.1,"1,073 reviews","Manassas, VA (54 mi.)","39,468 mi."
2021 Tesla Model 3 Performance,"$27,499",95 Motors,Automatic,All-Wheel Drive,Electric,1.2,18 reviews,"Dumfries, VA (58 mi.)","27,375 mi."
2021 Tesla Model Y Long Range Dual Motor All-Wheel Drive,"$24,999",Premier Automotive,Automatic,All-Wheel Drive,Electric,3.2,235 reviews,"Dumfries, VA (58 mi.)","48,060 mi."
2023 Tesla Model 3 Performance,"$33,997",Premier Automotive,Automatic,All-Wheel Drive,Electric,3.2,235 reviews,"Dumfries, VA (58 mi.)","16,470 mi."
2021 Tesla Model Y Long Range,"$31,995",Zoom Auto,Automatic,All-Wheel Drive,Electric,0,46 reviews,"Dumfries, VA (58 mi.)","25,110 mi."
2021 Tesla Model 3 Long Range,"$21,750",Premier Automotive,Automatic,All-Wheel Drive,Electric,3.2,235 reviews,"Dumfries, VA (58 mi.)","48,501 mi."
2023 Volkswagen ID.4 AWD Pro,"$27,499",Winner Subaru,Automatic,All-Wheel Drive,Electric,4.6,645 reviews,"Dover, DE (61 mi.)","4,964 mi."
2022 Tesla Model 3 Long Range,"$25,995","Pointe Buick GMC, LLC",Automatic,All-Wheel Drive,Electric,4.3,770 reviews,"Penns Grove, NJ (74 mi.)","39,625 mi."
2023 Subaru Solterra Premium,"$25,595","Pointe Buick GMC, LLC",Automatic,All-Wheel Drive,Electric,4.3,770 reviews,"Penns Grove, NJ (74 mi.)","18,482 mi."
2024 Tesla Cybertruck All-Wheel Drive,"$108,995",Car Stop Auto Inc.,Automatic,All-Wheel Drive,Electric,1.8,14 reviews,"Colonial Beach, VA (76 mi.)",117 mi.
